term,df,SumsOfSqs,MeanSqs,F.Model,R2,p.value
strain,2,3.4724015011261556e-5,1.7362007505630778e-5,0.770269403490489,0.21320253657603289,0.6666666666666666
condition,1,8.306431081716412e-5,8.306431081716412e-5,3.685167001784513,0.5100078939435984,0.08333333333333333
Residuals,2,4.5080350918664416e-5,2.2540175459332208e-5,NA,0.27678956948036876,NA
Total,5,1.628686767470901e-4,NA,NA,1,NA
