term,df,SumsOfSqs,MeanSqs,F.Model,R2,p.value
strain,2,1.1043063660560522e-4,5.521531830280261e-5,1.0931811766765358,0.2234001621064487,0.65
condition,1,2.82869294696784e-4,2.82869294696784e-4,5.600391303124959,0.5722419813252332,0.05
Residuals,2,1.0101768943857403e-4,5.0508844719287016e-5,NA,0.2043578565683181,NA
Total,5,4.943176207409633e-4,NA,NA,1,NA
